 Năm 179 TCN, nước ta bị triều đại phong kiến nào ở Trung Quốc xâm chiếm?
Lịch sử chiến tranh Việt Nam-Trung Quốc	Nhà Tần sau khi thôn tính các quốc gia Trung Nguyên đã tiếp tục tràn xuống phía nam sông Trường Giang, xâm chiếm lãnh thổ các bộ lạc Bách Việt trong đó có Âu Lạc, Thục Phán đã lãnh đạo thành công cuộc chiến 10 năm bảo vệ lãnh thổ (218-208 TCN), nhưng sau đó bị mắc bẫy nên mất quyền cai trị đất nước vào tay nhà Triệu năm 179 TCN (hoặc 207 TCN). Từ đây vùng lãnh thổ độc lập của người Việt phải chịu tình trạng thuộc địa của các triều đại phương bắc Trung Quốc trong 10 thế kỷ (179 TCN- 905 hoặc 111 TCN - 905). Các triều đại của Trung Quốc từng kiểm soát lãnh thổ thuộc Việt Nam ngày nay là Tây Hán (111 TCN-9),Tân (9-23), Đông Hán (23-220) (gián đoạn 40-43 khởi nghĩa Hai Bà Trưng), Đông Ngô (222-280), Tây Tấn (280-316), Đông Tấn (317-420), Lưu Tống (420-479), Nam Tề (479-502), Lương (502-557), Trần (557-589), Tùy (581-619), Đường (618-905).	0.501499933215604
Di cư của người Việt Nam	Suốt thời phong kiến, luồng di cư chủ đạo của người Việt Nam là từ bắc xuống nam. Theo sau các đợt xâm chiếm và mở rộng lãnh thổ qua các triều đại là những đợt di dân lớn. Ngoài ra sử sách cũng ghi nhận một số nhóm nhỏ lẻ di cư chính trị ra nước ngoài, chủ yếu là ở Trung Quốc, đây là bộ phận bị xem là bán nước, theo gót quân xâm lược Trung Quốc, điển hình là một số hoàng thân, quốc thích nhà Trần như Trần Ích Tắc hay hoàng thân, quốc thích nhà Lê như vua Lê Chiêu Thống...	0.31719679569437303
 Sau khi chiếm được Âu Lạc, nhà Triệu chia thành 2 quận và sáp nhập vào quốc gia nào?
Tượng quận	Cả ba quận Giao Chỉ, Cửu Chân và Nhật Nam do nhà Hán đặt sau này không nằm trong quận Tượng. Các sử gia căn cứ thêm vào Sử ký Tư Mã Thiên dẫn chứng: khi Triệu Đà nhân nhà Tần suy yếu, chiếm 3 quận Nam Hải, Quế Lâm và Tượng (chiếm được trong chiến tranh Việt-Tần) để thành lập nước Nam Việt (207 TCN) thì Nam Việt chưa bao gồm Âu Lạc. Chỉ tới "sau khi Lã hậu mất (180 TCN)", Triệu Đà mới chiếm lãnh thổ Âu Lạc và chia thành 2 quận Giao Chỉ và Cửu Chân. Còn đất đai Nhật Nam thời Hán - mà trong đó có huyện Tượng Lâm sau này tách ra thành nước Lâm Ấp (năm 192) - chỉ được nhập vào lãnh thổ chung với miền Bắc và miền Trung Việt Nam ngày nay lần đầu tiên vào thời thuộc Hán, sau khi Hán Vũ Đế đánh chiếm Nam Việt (111 TCN, Nam Việt khi đó bao gồm cả phần đất bên Việt Nam), các quan cai trị Giao Chỉ tiến xuống thu phục các bộ tộc phía Nam dãy Hoành Sơn và hình thành quận Nhật Nam.	0.648075040740686
Nhà Triệu	Năm 206 TCN, nhà Tần sụp đổ, các bộ tộc Bách Việt ở Quế Lâm và Tượng quận trở nên xa rời hơn với Trung Nguyên. Theo truyền thuyết, thủ lĩnh An Dương Vương ở phía nam đã thành lập vương quốc Âu Lạc (chữ Hán: 甌駱). Theo quan điểm hiện nay của chính phủ Việt Nam, khoảng năm 179 TCN, Triệu Đà đánh chiếm Âu Lạc của An Dương Vương, chia đất Âu Lạc làm 2 quận Giao Chỉ và Cửu Chân rồi sáp nhập vào Nam Hải, Quế Lâm, Tượng quận. Lãnh địa gồm 5 quận của Nam Việt ổn định cho tới khi nước này bị diệt cùng nhà Triệu.	0.6387911162314795
 Khởi nghĩa của Hai Bà Trưng đánh bại quân xâm lược
Hai Bà Trưng	Sau khi cuộc khởi nghĩa này bị quân Đông Hán dưới sự chỉ huy của Mã Viện đánh bại, tục truyền rằng vì không muốn chịu khuất phục, Hai Bà Trưng đã gieo mình xuống dòng sông Hát Giang tuẫn tiết, địa danh Hát Môn - Hát Giang là nơi thánh tích Hai Bà dựng cờ khởi nghĩa chống quân Đông Hán xâm lược và cũng là nơi Hai Bà hóa thân vào cõi bất diệt. Đền Hát Môn thờ Hai Bà Trưng là Di tích lịch sử Quốc gia đặc biệt được Thủ tướng Chính phủ công nhận tại QĐ số 2383/QĐ-TTg ngày 9 tháng 12 năm 2013, ngôi đền Hát Môn cổ kính với nhiều hàng cây cổ thụ, khung cảnh trang nghiêm yên tĩnh quanh năm.	0.6722780667390938
Chiến tranh nhân dân	Ở Việt Nam, truyền thống tiến hành khởi nghĩa và chiến tranh nhân dân để giải phóng dân tộc và bảo vệ đất nước đã có từ lâu. Các cuộc khởi nghĩa Hai Bà Trưng (40 - 43), khởi nghĩa Lý Bí (542 - 544), khởi nghĩa Mai Thúc Loan (722), khởi nghĩa Phùng Hưng (767 - 791)... đều là các cuộc khởi nghĩa và chiến tranh nhân dân. Các cuộc chiến tranh trong các đời Trần, Lê… đều là các cuộc chiến tranh nhân dân do giai cấp phong kiến lãnh đạo. Cuộc chiến tranh do Nguyễn Huệ lãnh đạo, lúc đầu là một cuộc khởi nghĩa và chiến tranh nông dân nhằm lật đổ triều đại phong kiến trong nước, về sau là một cuộc chiến tranh nhân dân chống lại xâm lược của nhà Thanh (Trung Quốc)...	0.39329922142756063
 Sau khi lên làm vua, Lý Bí đặt quốc hiệu nước ta là
Vạn Xuân	Vạn Xuân (萬春) là quốc hiệu của Việt Nam trong một thời kỳ độc lập ngắn ngủi thoát khỏi chính quyền trung ương Trung Hoa, dưới thời nhà Tiền Lý và Triệu Việt Vương. Tháng 2 năm 544, sau khi đánh bại quân nhà Lương (Trung Quốc), Lý Bí xưng là Hoàng đế và đặt tên nước là Vạn Xuân. Quốc hiệu này tồn tại từ năm 544 đến năm 602, khi nhà Tùy đánh bại Lý Phật Tử và đô hộ Việt Nam một lần nữa.	0.40207177484076273
Tinh Thiều	Lý Bí tập hợp hào kiệt Giao Châu, khởi nghĩa chống nhà Lương năm 541. Qua 3 năm chiến đấu, 3 lần đánh bại quân Lương, lại đánh đuổi quân Lâm Ấp xâm lấn phía nam. Năm 544, Lý Bí tự xưng làm hoàng đế, đặt niên hiệu, lập trăm quan, dựng quốc hiệu là Vạn Xuân. Trong những người phò tá, Tinh Thiều đứng đầu các quan văn với chức Thái sư, Phạm Tu đứng đầu các tướng võ, Triệu Túc làm thái phó.	0.330630706048263
 Cuộc khởi nghĩa đầu tiên của nhân dân Âu Lạc chống lại ách đô hộ của bọn phong kiến phương Bắc là
Khởi nghĩa Hai Bà Trưng	Điều này được các sử gia đánh giá là một sự thức tỉnh của tinh thần dân tộc Việt, một sự tái nhận thức quan trọng về quyền sống theo cách riêng của người Việt. Cuộc khởi nghĩa phản ánh ý thức dân tộc đã khá rõ rệt của Lạc tướng và Lạc dân trong các bộ lạc hợp thành nước Âu Lạc cũ. Ý thức về độc lập chủ quyền quốc gia của dân tộc Việt trên con đường hình thành qua hơn 200 năm mất nước - khoảng thời gian mà các triều đại phong kiến phương Bắc ráo riết thực hiện đồng hóa nhằm biến Âu Lạc vĩnh viễn là quận huyện của Trung Quốc – vẫn tồn tại và phát triển trong lòng người Việt.	0.31923253575324645
Lê Văn Khôi	Cuộc binh biến này, thực chất chỉ là một cuộc đảo chính quân sự của một tầng lớp thống trị địa phương, nhằm chống lại nhà nước phong kiến trung ương, chứ không phải là cuộc khởi nghĩa của nhân dân, mặc dù nó đã lôi cuốn được nhiều thành phần, như: giáo dân Thiên chúa, một số Hoa kiều, một số dân tộc ít người vùng Tây Ninh, binh lính quê ở miền Bắc, miền Trung, một số địa chủ, dòng dõi công thần và một số quan lại dưới quyền Lê Văn Duyệt...Nhưng cuộc binh biến chưa có biểu hiện nào cho thấy nó đã nổ ra vì nguyện vọng và vì lợi ích của đông đảo các tầng lớp nhân dân...	0.2754223113012443
 Năm 603, đất nước ta rơi vào ách đô hộ của triều nào của Trung Quốc?
Nguyễn Thức Canh	Vốn xuất thân trong một gia đình có truyền thống yêu nước, ghét ách đô hộ của thực dân Pháp, nên năm 1905, ông cùng em là Nguyễn Thức Đường sang Bangkok (Thái Lan), rồi theo Phan Bội Châu thẳng đường sang Nhật Bản vào tháng 10 năm ấy. Cùng đi với ông Canh có Nguyễn Điển và Lê Khiết. Đây là ba du học sinh tiên phong của phong trào Đông Du. Ở nơi ấy, ông gặp các nhà cách mạng Trung Quốc và các nhà yêu nước Việt Nam như Tăng Bạt Hổ, Lương Ngọc Quyến, Nguyễn Thượng Hiền, Phan Châu Trinh, v.v...	0.2156049788721616
Viện trợ nước ngoài trong Chiến tranh Việt Nam	Có những lúc Việt Nam Dân chủ Cộng hòa từ chối nhận viện trợ nếu khoản viện trợ đó đi kèm những điều kiện mà họ không chấp nhận. Khi Trung Quốc đề nghị viện trợ 500 chiếc xe vào Trường Sơn với điều kiện lái xe là người Trung Quốc, Tổng Bí thư Lê Duẩn không đồng ý nhận bất cứ một chiếc xe nào vì tin rằng Trung Quốc lồng ghép vào đó những toan tính riêng của họ (Trung Quốc từng mượn đường vào đánh Chiêm Thành thời nhà Trần, rồi từng lấy cớ vào giúp Lê Chiêu Thống để kéo quân vào Hà Nội). Có người trong Bộ Chính trị đề nghị "sao không nhận một vài chiếc cho người ta vui?", nhưng ông trả lời: "Chừng nào tôi còn ngồi đây, thì tôi không cho một kẻ nào nghĩ trong đầu rằng có thể cướp được đất nước Việt Nam này"	0.20578721342993125
 Chiến thắng quyết định của Ngô Quyền trước quân Nam Hán diễn ra tại
Trận Bạch Đằng (1288)	Năm 1288, sau khi rút lui khỏi kinh đô Thăng Long, Trần Hưng Đạo đã quyết định đánh một trận lớn chống quân Mông Cổ xâm lược đi vào Đại Việt thông qua sông Bạch Đằng. Sông Bạch Đằng trước đó cũng là một địa danh lịch sử khi Ngô Quyền đã từng đánh thắng quân Nam Hán trong năm 938, kết thúc gần 1000 năm Bắc thuộc. Trần Hưng Đạo đã nghiên cứu kỹ lưỡng quy luật thủy triều của con sông này để vạch ra thế trận cọc để mai phục quân Mông Nguyên	0.4171323343955686
Trận Bạch Đằng (938)	Trận Bạch Đằng năm 938 là một trận đánh giữa quân dân Việt Nam - thời đó gọi là Tĩnh Hải quân và chưa có quốc hiệu chính thức - do Ngô Quyền lãnh đạo đánh với quân Nam Hán trên sông Bạch Đằng. Kết quả, quân dân Việt Nam giành thắng lợi, nhờ có kế cắm cọc ở sông Bạch Đằng của Ngô Quyền. Trước sự chiến đấu dũng mãnh của quân dân Việt Nam, quá nửa quân Nam Hán bị chết đuối và Hoàng tử Nam Hán là Lưu Hoằng Tháo cũng bị Ngô Quyền giết chết. Đây là một trận đánh quan trọng trong lịch sử Việt Nam. Nó đánh dấu cho việc chấm dứt hơn 1000 năm Bắc thuộc của Việt Nam, nối lại quốc thống cho dân tộc.	0.3870141582585559
 Ai là người lãnh đạo thành công cuộc khởi nghĩa đánh đuổi quân xâm lược nhà Đường năm 722?
Mai Hắc Đế	Mai Hắc Đế (chữ Hán: 梅黑帝; ?–722), tên thật là Mai Thúc Loan (梅叔鸞) là vị vua người Việt thời Bắc thuộc, anh hùng dân tộc, người lãnh đạo cuộc khởi nghĩa chống lại sự chiếm đóng của nhà Đường ở Việt Nam vào đầu thế kỉ thứ 8.	0.26581364332177226
Mai Hắc Đế	Khởi nghĩa Hoan Châu do Mai Thúc Loan lãnh đạo nổ ra vào năm Khai Nguyên thứ nhất đời vua Đường Huyền Tông ở Trung Hoa, tức năm Quý Sửu (713). Khởi nghĩa nổ ra tại Rú Đụn, còn gọi là Hùng Sơn (Nghệ An). Tương truyền lúc đó ông cùng đoàn phu gánh vải nộp cho nhà Đường, đã kêu gọi các phu gánh vải nổi dậy chống quân Đường. Tuy nhiên, hiện nay các nhà nghiên cứu đều thống nhất: sưu cao, thuế nặng là nguyên nhân khiến nhân dân nổi dậy chống lại ách đô hộ nhà Đường, nổi bật là khởi nghĩa Hoan Châu. Đây là cuộc khởi nghĩa có sự chuẩn bị, biết chọn thời cơ, không phải một cuộc bạo động. Chuyện "cống vải" là một chi tiết của truyền thuyết, không thể và không phải là nguyên nhân chính nổ ra cuộc kháng chiến giải phóng dân tộc do Mai Thúc Loan lãnh đạo.	0.22803196763068959
Dưới thời nhà Đinh, nước ta đóng đô ở đâu?
Cố đô Hoa Lư	Năm 968, Đinh Bộ Lĩnh dẹp xong loạn 12 sứ quân, lên ngôi hoàng đế và đóng đô ở Hoa Lư, nơi đây trở thành trung tâm chính trị của nước Đại Cồ Việt. Từ năm 968 đến năm 1009, có 6 vị vua (Đinh Tiên Hoàng, Đinh Phế Đế, Lê Đại Hành, Lê Trung Tông, Lê Long Đĩnh, Lý Thái Tổ) thuộc 3 triều đại đóng đô tại đây. Thời kỳ này, Hoa Lư là nơi diễn ra nhiều hoạt động ngoại giao giữa các triều đình nước Đại Cồ Việt với triều đình nhà Bắc Tống (Trung Quốc): thời Đinh 2 lần (năm 973, 975), thời Tiền Lê 10 lần (980, 985, 986, 987, 988, 990, 995, 996, 997, 1007).	0.34572985632277264
Lịch sử hành chính Hà Nội	Năm 938, Ngô Quyền chiến thắng quân Nam Hán trên sông Bạch Đằng, xưng vương và định đô ở Cổ Loa. Cổ Loa sau một ngàn năm lại trở thành kinh đô của nước Việt. Sau này, nhà Đinh và Tiền Lê đóng đô ở Hoa Lư, nhưng vùng Hà Nội xưa vẫn mang tên Đại La Đô và là nơi muôn vật giàu thịnh, đông vui.	0.24566308104637014
Sau khi đánh bại quân Nam Hán, Ngô Quyền xưng vương, đóng đô ở đâu?
Ngô Quyền	Một hào trưởng người Ái châu (thuộc Thanh Hóa ngày nay) là Dương Đình Nghệ nuôi 3000 con nuôi, mưu đồ khôi phục. Ngô Quyền lớn lên làm nha tướng cho Dương Đình Nghệ, được Dương Đình Nghệ gả con gái cho và quyền cai quản Ái châu, đất bản bộ của họ Dương. Năm 931, Dương Đình Nghệ phát binh từ Thanh Hóa ra Bắc đánh đuổi quân Nam Hán, đánh bại Lý Tiến và quân cứu viện do Trần Bảo chỉ huy, chiếm giữ bờ cõi nước Việt, xưng là Tiết độ sứ. đất bản bộ của họ Dương. Năm 937, hào trưởng đất Phong Châu là Kiều Công Tiễn sát hại Dương Đình Nghệ, trở thành vị Tĩnh Hải quân Tiết độ sứ cuối cùng trong thời kì Tự chủ. Nhưng Công Tiễn lại không có chỗ dựa chính trị vững chắc, hành động tranh giành quyền lực của ông bị phản đối bởi nhiều thế lực địa phương và thậm chí nội bộ họ Kiều cũng chia rẽ trầm trọng. Bị cô lập, Công Tiễn vội vã cầu cứu nhà Nam Hán. Ngô Quyền nhanh chóng tập hợp lực lượng, kéo quân ra Bắc, giết chết Kiều Công Tiễn rồi chuẩn bị quyết chiến với quân Nam Hán. Thắng lợi của Ngô Quyền trên sông Bạch Đằng vào năm 938 đã đặt dấu chấm hết cho mọi âm mưu xâm lược Tĩnh Hải quân của nhà Nam Hán, đồng thời cũng kết thúc thời kì Bắc thuộc của Việt Nam. Năm 939, Ngô Quyền xưng vương, đóng đô ở Cổ Loa, lập ra nhà Ngô. Ngô Vương qua đời ở tuổi 47, trị vì được 6 năm. Sau cái chết của ông, nhà Ngô suy yếu nhanh chóng, không khống chế được các thế lực cát cứ địa phương và sụp đổ vào năm 965.	0.6550010605897838
Lịch sử hành chính Hà Nội	Năm 938, Ngô Quyền chiến thắng quân Nam Hán trên sông Bạch Đằng, xưng vương và định đô ở Cổ Loa. Cổ Loa sau một ngàn năm lại trở thành kinh đô của nước Việt. Sau này, nhà Đinh và Tiền Lê đóng đô ở Hoa Lư, nhưng vùng Hà Nội xưa vẫn mang tên Đại La Đô và là nơi muôn vật giàu thịnh, đông vui.	0.48772681366126047
Vị vua nào đặt quốc hiệu nước ta Đại Cồ Việt?
Đại Cồ Việt	Quốc hiệu Đại Cồ Việt do vua Đinh Tiên Hoàng đặt năm 968. Đại Cồ Việt là quốc hiệu được dùng trong 8 đời vua của 3 triều Đinh, Tiền Lê, Lý, với quãng thời gian dài 86 năm (968 - 1054). Đến năm Giáp Ngọ, niên hiệu Long Thụy Thái Bình thứ 1 (1054), vua Lý Thánh Tông mới đặt lại quốc hiệu là Đại Việt. Điều này có nghĩa là khi dời đô từ Hoa Lư ra Thăng Long, nước vẫn mang quốc hiệu là Đại Cồ Việt.	0.6525684053709528
Đại Cồ Việt	Nhà nước Đại Cồ Việt tồn tại 86 năm kể từ khi Đinh Bộ Lĩnh thống nhất vùng châu thổ phía Bắc, lên ngôi hoàng đế năm 968 cho đến tháng 10 âm lịch năm 1054 đời vua Lý Thánh Tông, khi ông đặt ra quốc hiệu Đại Việt. Thời kỳ Đại Cồ Việt đánh dấu lần đầu tiên sau thời kỳ Bắc thuộc, người Việt có được một quốc gia độc lập, một nhà nước phong kiến tập quyền riêng và quân đội riêng.	0.37028508437805024
Tên nước Đại Việt có từ thời vua nào của nhà Lý?
Đại Việt	Quốc hiệu Đại Việt tồn tại tổng cộng trong thời gian 723 năm, bắt đầu từ thời vua Lý Thánh Tông đến thời vua Gia Long (1054 - 1804), tên gọi Đại Việt được dùng làm quốc hiệu trong thời kỳ cai trị của các chính quyền nhà Lý, nhà Trần, nhà Hậu Lê, nhà Mạc, nhà Tây Sơn và 3 năm đầu thời nhà Nguyễn (1802 - 1804). Trong quá trình này tên gọi chính thức Đại Việt bị gián đoạn một lần ngắn ngủi 27 năm vào thời nhà Hồ và thời thuộc Minh (1400 - 1427).	0.49078550486799516
Nhà Lý	Địa giới phía bắc nước Đại Việt thời Lý bao gồm Bắc Bộ Việt Nam hiện nay và một phần nhỏ của tỉnh Quảng Tây (Trung Quốc). thời Địa giới phía nam của nhà Lý khi mới thành lập chỉ tới khu vực Hà Tĩnh hiện nay. Năm 1069, Lý Thánh Tông đánh Chiêm Thành, buộc vua Chiêm là Chế Củ dâng 3 châu tương đương với tỉnh Quảng Bình và Quảng Trị hiện nay. Cương vực này được duy trì ổn định tới khi triều Lý kết thúc. Trên vùng lãnh thổ này, nhà Lý chia cả nước thành 24 đơn vị hành chính. Các cấp hành chính ở địa phương lần lượt từ cao xuống thấp là:	0.4130330480028579
Nếu Bệ hạ muốn hàng, xin hãy chém đầu Thần trước đã, là câu nói của ai ?
Hịch tướng sĩ	"Bệ hạ nói câu ấy là lời nhân đức, nhưng Tôn miếu Xã tắc thì sao? Nếu Bệ hạ muốn hàng, xin trước hết hãy chém đầu thần đi đã, rồi sau hãy hàng !!"	0.9652834985662888
Đỗ Quang	Như thế là thần, ở trên thì phụ với triều đình, ở dưới thì phụ với dân trăm họ, tội không thể chối được. Giờ nếu thần lại lạm dự chức ở Nam Định thì biết ăn nói thế nào với dân Gia Định? Biết trả lời thế nào với công luận trong nước? Thần vẫn còn có chút lòng, quả là rất hổ thẹn. Vả chăng, thần vốn là kẻ có kiến thức nông cạn và hạn hẹp, nếu cứ gắng gượng mà làm việc mãi cũng chẳng thể gọi là báo bổ. Vậy, xin bệ hạ hãy thu sắc mệnh, cho thần được bãi chức về với làng với ruộng, hầu làm nguôi bớt lòng oán giận của sĩ dân, và cũng để giữ tiết liêm sĩ của thần vậy...	0.2533925734417283
Kế sách " vườn không nhà trống " được nhân dân ta thực hiện có hiệu quả trong cuộc kháng chiến nào sau đây ?
Hiệp định Genève, 1954	Ngày 22-7-1954. Chủ tịch Hồ Chí minh ra Lời kêu gọi sau khi hội nghị Giơnevơ thành công ngày 22 tháng 7 năm 1954: "Từ nay, chúng ta phải ra sức đấu tranh để củng cố hoà bình, thực hiện thống nhất, hoàn thành độc lập và dân chủ trong toàn quốc...Đấu tranh để củng cố hoà bình, thực hiện thống nhất, hoàn thành độc lập dân chủ cũng là một cuộc đấu tranh lâu dài và gian khổ"...Để thực hiện hoà bình, bước đầu tiên là quân đội hai bên phải ngừng bắn. Để ngừng bắn, thì cần phải tách quân đội hai bên ra hai vùng khác nhau: tức là điều chỉnh khu vực. Điều chỉnh khu vực là việc tạm thời, là bước quá độ để thực hiện đình chiến, lập lại hoà bình, và tiến đến thống nhất nước nhà bằng cách tổng tuyển cử. Điều chỉnh khu vực quyết không phải là chia xẻ đất nước ta, quyết không phải là phân trị....Trung, Nam, Bắc đều là bờ cõi của nước ta, nước ta nhất định thống nhất, đồng bào cả nước nhất định được giải phóng. Chúng ta phải ra sức đấu tranh để thực hiện tổng tuyển cử tự do trong toàn quốc đặng thống nhất nước nhà. Chúng ta phải ra sức khôi phục và xây dựng, củng cố và phát triển lực lượng của ta về mọi mặt, để thực hiện quyền độc lập hoàn toàn của nước ta. Chúng ta củng cố tình hữu nghị vĩ đại giữa ta với Liên Xô, Trung Quốc và các nước bạn khác. Chúng ta đoàn kết hơn nữa với nhân dân Pháp, nhân dân châu á và nhân dân toàn thế giới để giữ gìn hoà bình. Tôi thiết tha kêu gọi tất cả những người thật thà yêu nước không phân biệt tầng lớp nào, tín ngưỡng nào, chính kiến nào và trước đây đã đứng về phe nào, chúng ta hãy thật thà cộng tác, vì dân vì nước mà phấn đấu để thực hiện hoà bình, thống nhất, độc lập, dân chủ trong nước Việt Nam yêu quý của chúng ta".	0.3307730407109346
Ngày Thống nhất	Sau khi kết thúc thắng lợi cuộc kháng chiến chống thực dân Pháp, nhân dân Việt Nam có quyền thực hiện khát vọng thiêng liêng của mình là được sống trong một đất nước hòa bình, thống nhất, độc lập, tự do, hạnh phúc và có quan hệ bình đẳng, hữu nghị với tất cả các quốc gia trên thế giới. Nhưng Đế quốc Mỹ đã ngang nhiên áp đặt chế độ thực dân kiểu mới, biến miền Nam Việt Nam thành căn cứ quân sự của Mỹ, đàn áp tàn bạo Cách mạng miền Nam và tiến hành chiến tranh phá hoại khốc liệt ở miền Bắc. Chúng đã gây ra biết bao tội ác dã man, biết bao đau thương, mất mát đối với đồng bào ta, đất nước ta. Tổ quốc ta đã phải trải qua những thử thách cực kỳ nghiêm trọng...	0.20284127908050353
Lãnh đạo cuộc kháng chiến chống Tống thời Tiền Lê là:
Sông Nhà Lê	Trong cuộc kháng chiến chống đế quốc Mỹ, những dòng sông đào từ Yên Mô - Nga Sơn đến Tĩnh Gia lại trở thành tuyến vận chuyển nhân tài vật lực của cả miền bắc vào miền Nam. Chính vì vậy mà các sông đào trên đất Thanh Hoá có từ thời Lê Đại Hành luôn được nạo vét, tu bổ. Lê Đại Hành là vị vua đầu tiên của nhà nước độc lập tự chủ tổ chức đào sông. Sự nghiệp mở đầu vĩ đại đó của thời Tiền Lê đã trở thành phương châm hành động của các thời Lý, Trần, Lê, Nguyễn sau này. Các thời đại kế tiếp nhau không chỉ luôn khơi đào, nạo vét các dòng sông cũ mà còn tiếp tục đào thêm các sông mới. Từ con sông đào do Lê Đại Hành đầu tiên đào trên đất Thanh Hoá thời Tiền Lê, đến thời Lý, Trần sông đào đã xuất hiện ở đồng bằng Bắc Bộ đến Thanh-Nghệ-Tĩnh... Đến thời Lê đã rộng khắp dải miền Trung Bộ và đến thời Nguyễn thì sông đào có mặt ở khắp mọi miền Việt Nam.	0.265377608455329
Bang giao Việt Nam thời Lý	Năm 1009, Lý Công Uẩn lên ngôi vua, thay thế nhà Tiền Lê, lập ra nhà Lý. Ngay sau khi lên ngôi, Lý Thái Tổ đã chủ động thiết lập quan hệ ngoại giao với đối tác quan trọng nhất đương thời là triều đình nhà Tống ở phương Bắc. Việc ngoại giao thời Lý có tính kế tục các hoạt động ngoại giao đã thiết lập từ thời Đinh, thời Tiền Lê trước đó.	0.12247941728470876
"Đầu thần chưa rơi xuống đất, xin bệ hạ đừng lo" là câu nói nổi tiếng thể hiện sự tự tôn dân tộc, ý chí quyết tâm chống giặc giữ nước của danh tướng nào dưới thời Trần?
Nguyễn Trường Tộ	..."Bọn thần tuân phụng xét duyệt các khoản mật trần của Nguyễn Trường Tộ thấy y cũng có lòng với ta và chính lúc này là lúc có thể thừa cơ hội được. Ý kiến của bọn thần cũng đồng với các lý lẽ của thần Trần Tiễn Thành tâu xin. Nhưng xét vì đây là việc quân quốc trọng sự cần phải bàn thảo kín đáo kỹ lưỡng mới bảo đảm không nguy hiểm trở ngại sau này. Nay bọn thần chưa giáp mặt y bàn tính mà đã nội giao cho y qua các nước thám sát những việc cần phải làm, lỡ ra có chỗ nào chưa được chu đáo, sợ sẽ sinh trở ngại. Vậy xin cho Bộ Lễ lấy lý do phái đem người qua Tây học tập, khẩn tư cho tỉnh thần Nghệ An lập tức cấp ngựa, sức y lên kinh ngay để bọn thần ở Viện Cơ mật và Tòa Thương Bạc đối diện hỏi bọn y xem suy tính cơ nghi như thế nào cho được chu thỏa. Bọn thần sẽ suy nghĩ chín chắn đôi ba lần và phúc tâu đầy đủ. Vậy dám xin có lời tâu bày, đợi chỉ tuân hành."	0.09320327066634275
Trần Duệ Tông	Tháng giêng năm 1377, quân Trần tiến vào cửa Thi Nại (Quy Nhơn), đánh lấy đồn Thạch Kiều rồi tiến tới kinh thành Đồ Bàn nước Chiêm. Chế Bồng Nga lập đồn giữ ngoài thành, rồi cho người trá hàng nói rằng Chế Bồng Nga đã bỏ thành trốn. Ngày 24, Duệ Tông muốn tiến quân ngay, đại tướng Đỗ Lễ can ngăn mãi nhưng ông không nghe, nói với quân sĩ rằng: "Ta mình mặc giáp, tay cầm gươm, dãi gió dầm mưa, lội sông, trèo núi, vào sâu trong đất giặc, không một người nào dám chống lại đó là trời giúp. Huống chi nay vua giặc nghe tiếng bỏ trốn, không có lòng đánh lại. Cổ nhân nói "Dụng binh quý ở nhanh chóng". Nay lại dùng dằng không tiến nhanh, thế là trời cho mà không lấy, để nó lại có mưu khác, thì hối không kịp?".	0.08321854651161727
Triều đại nào của nước Đại Việt phải đương đầu với các cuộc xâm lược của quân Mông – Nguyên?
Chiến tranh Nguyên Mông-Đại Việt lần 1	Chiến tranh Nguyên Mông-Đại Việt lần thứ nhất hay Kháng chiến chống Nguyên Mông lần thứ nhất là cách người Việt Nam gọi cuốc chiến đấu của quân dân Đại Việt chống lại quân đội của đế quốc Mông Cổ do Uriyangqatai (Ngột Lương Hợp Thai) chỉ huy vào trong khoảng thời gian nửa tháng cuối tháng 1 năm 1258 (hay năm Nguyên Phong thứ 7). Cuộc chiến mở đầu với thất bại của quân Đại Việt trong trận Bình Lệ Nguyên, nhưng cuối cùng họ đã đại phá quân Nguyên trong trận Đông Bộ Đầu. Cuộc chiến này đã kết thúc với chiến thắng của nước Đại Việt, ghi dấu công lao của vua Trần Thái Tông trong việc lãnh đạo quân dân chiến đấu chống quân xâm lược.	0.3833619049960526
Vũ Hải (tướng nhà Trần)	Là người thạo võ nghệ lại có sức khoẻ hơn người nên khi biết tin quân Nguyên Mông kéo sang xâm lược Đại Việt lần thứ hai (1258) ông đã về kinh tham gia ứng tuyển và được chọn đứng trong hàng ngũ các tướng sĩ nhà Trần sẵn sàng nghênh chiến với địch. Theo thần phả truyền lại, trong trận Tây Kết ông đã có công chém đầu tướng địch Toa Đô, góp công lớn vào chiến thắng quân Nguyên Mông trong trận Chương Dương - Hàm Tử. Lập chiến công lớn, ông được phong chức Phó Đô Ngự Sử. Năm 1288, quân Nguyên Mông xâm lược Đại Việt lần thứ 3, ông được phong làm Bạt Hải Hữu Tướng Quân đem hơn 5000 quân thuỷ trấn giữ ở Bình Than. Đồng thời ông cũng tuyển thêm trai tráng tại quê nhà ở trang Du Lễ giỏi nghề bơi lội tham gia thuỷ chiến chống quân xâm lược. Trong trận giao tranh ác liệt, quân đội hai bên đều bị thiệt hại nặng. Hơn 300 chiến thuyền của địch do Ô Mã Nhi chỉ huy bị đánh tan tác. Nhưng quân Đại Việt cũng chịu tổn thất lớn khi tướng quân Vũ Hải hy sinh trên vùng cửa biển Đại Bàng.	0.36732499702812044
Lê Hoàn chỉ huy cuộc kháng chiến chống quân xâm lược Tống giành thắng lợi ở đâu?
Đinh Tiên Hoàng	Theo lý giải của một số nhà nghiên cứu, một trong những nguyên nhân khiến nhà Tống phát binh xâm lược Đại Cồ Việt chính là do Đinh Liễn, người đã đi lại với nhà Tống và được chính vua Tống phong chức, bị hại. Việc phong Liễn cho thấy nhà Tống thừa nhận ngôi vị của Liễn. Với danh nghĩa trừng trị kẻ phản nghịch, nhà Tống phát binh. Việc Lê Hoàn thành công trong cuộc kháng chiến chống Tống có thể đã khiến nhân dân tha thứ cho ông. Các nhà nghiên cứu cũng đặt giả thiết Đỗ Thích chỉ là người vô tình có mặt ở hiện trường sau khi cha con vua Đinh bị hại (vì là quan nội thị) và lúc bấy giờ ông không thể thanh minh mình vô tội lúc nhiều người ập tới. Ông vội vã chạy trốn và bị bắt chém sau 3 ngày, trở thành nạn nhân trong mưu đồ của Lê Hoàn và Dương hậu.	0.313736673124499
Lý Kế Nguyên	Lý Kế Nguyên (?-?) là một tướng lĩnh nhà Lý trong lịch sử Việt Nam. Lý Kế Nguyên là chỉ huy thủy quân nhà Lý, có công đánh bại thủy quân Tống do Hòa Mâu và Dương Tùng Tiên chỉ huy tại vùng biển Đông Kênh, ngăn không cho thuyền quân Tống tiến vào nội địa. Chiến thắng của Lý Kế Nguyên tạo nên thời cơ cho Lý Thường Kiệt đánh bại chủ lực quân Tống ở phía bắc sông Như Nguyệt, là thắng lợi có ý nghĩa chiến lược trong toàn bộ kế hoạch kháng chiến. Lý Kế Nguyên sau đó đi sứ bên Tống để đòi lại đất đã mất.	0.24517039817153394
Đến năm 1653, ai là người mở rộng cương giới đến sông Phan Rang?
Kauthara	Năm 1611, chúa Nguyễn Hoàng đã cử một viên tướng người Chăm, mà sử Việt gọi là Văn Phong, đánh chiếm hai huyện Đồng Xuân và Tuy Hoa để lập ra phủ Phú Yên, sau đổi thành dinh Trấn Biên. Sang năm 1653, nhân việc vua Chăm Pa là Po Nraop (Bà Tấm) quấy phá biên giới phía nam, chúa Nguyễn Phúc Tần đã gởi một đoàn quân sang tấn công Chăm Pa, tiến đến sông Phan Rang, bắt được vua Po Nraop đưa về Huế. Trên vùng đất cũ của tiểu vương quốc Kauthara chúa Nguyễn Phúc Tần lập ra hai phủ là Thái Khang (nay là Ninh Hòa và Vạn Ninh) và Diên Ninh (nay là Diên Khánh, Nha Trang, Cam Lâm và Cam Ranh). Vậỵ là vào năm 1653 Kauthara hoàn toàn bị sáp nhập vào lãnh thổ Đại Việt. Kauthara thất thủ, đền Po Nagar ở Nha Trang lọt vào vòng kiểm soát của nhà Nguyễn. Chính vì thế, vua Champa quyết định rước tượng Po Ina Nagar về Phan Rang để được thờ phụng trong một đền ở Mông Đức gần làng Hữu Đức (Phan Rang) bây giờ.	0.40476473279390324
Chiêm Thành	Năm 1653. Bà Tấm đem quân đánh Phú Yên, bị quân chúa Nguyễn Phúc Tần đánh đuổi đến sông Phan Rang. Đất Chiêm Thành giới hạn từ phía Tây sông Phan Rang trở vào.	0.40109925491737003
Ai là người đã cầu cứu vua Xiêm, dẫn đến việc quân Xiêm sang xâm lược nước ta vào năm 1784 - 1785?
Chiến tranh Tây Sơn-Chúa Nguyễn, 1771-1785	Nguyên lúc thất trận ở Sài Côn, tướng Châu Văn Tiếp chạy sang Xiêm La cầu cứu. Đến tháng 2 năm 1784 vua Xiêm đem thủy quân sang Hà Tiên, tìm Nguyễn Vương để mời sang bàn việc. Chúa Nguyễn lại tiếp được mật biểu của Châu Văn Tiếp, cho nên mới đến hội với tướng nước Xiêm, rồi cùng sang Bangkok xin binh cứu viện.	0.6562646343563401
Châu Văn Tiếp	Được hứa hẹn, Châu Văn Tiếp gởi ngay mật thư báo tin cho Nguyễn Phúc Ánh. Sau khi hội đàm với tướng Xiêm tên là Thát Xỉ Đa tại Cà Mau, vào tháng Hai năm Giáp Thìn (1784), chúa Nguyễn sang Vọng Các hội kiến với vua Xiêm. Được tiếp đãi và giúp đỡ, chúa Nguyễn tổ chức lại lực lượng gồm các quân tướng đi theo và nhóm người Việt lưu vong tại Xiêm, cả thảy trên dưới nghìn người, cử Châu Văn Tiếp làm Bình Tây đại đô đốc, Mạc Tử Sanh (con Mạc Thiên Tứ) làm Tham tướng, để dẫn quân Xiêm về nước đánh nhau với quân Tây Sơn...	0.5449341174745638
Chiến thắng nào của nghĩa quân Tây Sơn đánh dấu sự thất bại hoàn toàn của quân Xiêm năm 1785?
Trận Rạch Gầm – Xoài Mút	Trải qua 14 năm, kể từ ngày khởi sự cho tới năm 1785, nghĩa quân Tây Sơn đã giành được nhiều chiến thắng lớn, nhưng chưa có chiến thắng nào nhanh gọn, lớn lao và rực rỡ bằng chiến thắng Rạch Gầm-Xoài Mút. Chỉ trong thời gian một ngày, quân đội Tây sơn đã tiêu diệt gọn nhiều vạn quân Xiêm-Nguyễn, đặt toàn bộ lãnh thổ Đàng Trong dưới quyền kiểm soát của mình. Trong trận quyết chiến này, Nguyễn Huệ đã lợi dụng địa hình, vận dụng chiến thuật một cách linh hoạt. Đặc biệt, ông đã khéo léo kết hợp quân thủy và quân bộ để cùng tấn công, đánh đối phương trên cả bốn mặt, nhưng chủ lực là đánh thật mạnh vào sườn địch. Xét toàn cục, cuộc tiến công trên có ý nghĩa chính trị, quân sự rất to lớn; nó có tác dụng quyết định đối với cuộc diện ở miền Nam.	0.384758286069273
Vương quốc Rattanakosin	Rama I khôi phục lại chế độ chính trị xã hội Ayutthaya, nhưng ban hành và áp dụng chế độ pháp luật mới. Ông không áp dụng chế độ tể tướng, mà thay vào đó là chế độ 6 đại thần do 6 người trong hoàng gia nắm giữ. Có 1 phó vương kiêm chỉ huy quân đội do em trai của Rama I giữ chức. Về đối ngoại, Rama I vẫn giữ vững sự cai trị của Xiêm đối với Campuchia. Song có 2 sự kiện đối ngoại đáng chú ý trong thời Rama I. Năm 1785, chiếm giữ một số nơi ở Bắc và Nam Thái Lan. Quân Xiêm đẩy lui được quân Myanma ở phía tây. Sự kiện thứ hai là việc quân Xiêm lấy cớ giúp Nguyễn Ánh, tiến công Việt Nam vào khu vực đồng bằng sông Cửu Long, nhưng bị quân Tây Sơn đánh cho thảm bại. Rama I mất năm 1809. Thời Rama I, Xiêm La hòa hiếu với nhà Nguyễn Việt Nam, nhưng các nước Lào (vương quốc Viêng Chăn, vương quốc Champasak, vương quốc Luang Phrabang) và Campuchia (Cao Miên) hoàn toàn thuộc quyền bảo hộ của Xiêm.	0.2940637993980558
Trong lịch sử dựng nước của dân tộc ta, nhà nước đầu tiên được thành lập là nhà nước nào
Hệ thống Bảo tàng Quân đội nhân dân Việt Nam	Cách mạng tháng 8 năm 1945 thành công, nước VNDCCH ra đời. Trong muôn vàn khó khăn của một nhà nước mới thành lập, Chủ tịch Hồ Chí Minh vẫn quan tâm đến việc khôi phục bảo vệ các di tích lịch sử, văn hóa và nghệ thuật của dân tộc. Ngày 23/11/1945, Người đã ký ban hành sắc lệnh số 65/SL-TN về bảo tồn di sản văn hóa. Đây là sắc lệnh đầu tiên về bảo tồn di sản văn hoá dân tộc.	0.4841654170740815
Bảo tàng Lịch sử Quân sự Việt Nam	Cách mạng tháng 8 năm 1945 thành công, nước Việt Nam Dân chủ Cộng hoà ra đời. Trong muôn vàn khó khăn của một nhà nước mới thành lập, Chủ tịch Hồ Chí Minh vẫn quan tâm đến việc khôi phục bảo vệ các di tích lịch sử, văn hóa và nghệ thuật của dân tộc. Ngày 23/11/1945, Người đã ký ban hành sắc lệnh số 65/SL-TN về bảo tồn di sản văn hóa. Đây là sắc lệnh đầu tiên về bảo tồn di sản văn hoá dân tộc.	0.48390879432570844
Người dựng nên nước Âu Lạc là ai
Vấn đề chính thống của nhà Triệu	Triệu Đà biết rằng không thể thắng được Âu Lạc về quân sự nên rút về núi Vũ Ninh, xin hòa với An Dương Vương. Hắn sai con trai là Trọng Thủy sang hàng phục An Dương Vương, xưng thần mà thờ. An Dương Vương gả con gái là Mị Châu cho Trọng Thủy. Trọng Thủy ở gửi rể bên nước Âu Lạc. Đấy chính là mưu mẹo mà Triệu Đà dùng để chiếm nước Âu Lạc. Trong những năm ở gửi rể, Trọng Thủy đã dò xét tình hình Âu Lạc, học phép chế nỏ và phá nỏ của người Âu Lạc rồi trốn về nước báo cho Triệu Đà. Kết hợp lực lượng quân sự và mưu mẹo gián điệp, lần này Triệu Đà thôn tính được nước Âu Lạc. An Dương Vương thua trận, phải nhảy xuống biển tự vẫn. Việc đó xảy ra vào khoảng năm 179 trước Công nguyên.	0.45281625937056336
Lịch sử hành chính Hà Nội	Từ thời cổ đại, vùng đất ven sông Tô Lịch đã là địa bàn sinh sống của các bộ lạc người Việt cổ. Từ thế kỷ III trước Công nguyên, kế tục nhà nước Văn Lang của vua Hùng, Thục Phán dựng nước Âu Lạc, tự xưng là An Dương Vương và dời đô xuống miền Cổ Loa (huyện Đông Anh ngày nay). Thành Cổ Loa được xây dựng ở vị trí trung tâm của đất nước lúc đó để làm kinh đô nước Âu Lạc của cộng đồng người Việt. Bấy giờ, vùng đất trung tâm Hà Nội ngày nay, chỉ mới là làng Tô Lịch, lấy theo tên con sông chảy từ Bắc xuống Nam thành phố.	0.38614342103386085
Chiến thắng Bạch Đằng năm 938 do ai lãnh đạo
Lịch sử quân sự Việt Nam	Hai cuộc kháng chiến chống Nam Hán các năm 931 và 938 do Dương Đình Nghệ và Ngô Quyền lãnh đạo đã khẳng định quyết tâm giành và giữ độc lập tự do của cả dân tộc. Chiến thắng Bạch Đằng lịch sử đánh tan giặc Nam Hán (938) là cột mốc lớn kết thúc giai đoạn mất nước, mở ra thời kỳ phát triển mới của lịch sử quân sự Việt Nam	0.6426039492094824
Phan Huy Lê	Chiến thắng Bạch Đằng năm 938 và 1288 (viết chung). Nhà xuất bản Quân đội Nhân dân, 1988.	0.48346529343473293
Người có công dẹp nạn cát cứ, thống nhất đất nước vào năm 967 là ai
Nguyễn Siêu	Nguyễn Siêu (chữ Hán: 阮超; 924 - 967) hay Nguyễn Hữu Công (阮右公) là một sứ quân nổi dậy trong thời loạn 12 sứ quân trong lịch sử Việt Nam thế kỷ 10. Ông là vốn là người gốc Trung Hoa, cát cứ ở Thanh Trì (Hà Nội, Việt Nam) để xây dựng lực lượng và trở thành một sứ quân mạnh. Tháng 8 năm 967, Đinh Bộ Lĩnh thống lĩnh quân binh, cử Nguyễn Bặc làm Tiên phong đánh dẹp thế lực cát cứ của ông, tiến thêm một bước trong quá trình thống nhất, lập ra nhà nước Đại Cồ Việt trong lịch sử.	0.4086765559136209
Nguyễn Khoan	Nguyễn Khoan (chữ Hán: 阮寬; 906 - 967) hay Nguyễn Thái Bình (阮太平) là một sứ quân nổi dậy trong thời loạn 12 sứ quân trong lịch sử Việt Nam thế kỷ 10, cát cứ vùng Tam Đái (Yên Lạc, tỉnh Vĩnh Phúc). Ông có công chiêu mộ và huấn luyện dân binh vùng chiếm đóng để xây dựng lực lượng và phát triển kinh tế nên được dân bản xứ tôn xưng là Quảng Trí Quân, nghĩa là vị vua có đức lớn tài cao, rộng hiểu biết và đầy tình bác ái, biết canh tân mỹ tục cai trị triều đình nhỏ ở Tam Đái. Hiện một số nơi ở Vĩnh Phúc còn đền thờ phụng. Năm 967 ông bị Đinh Bộ Lĩnh ở Hoa Lư đánh dẹp, phát triển thêm một bước trong quá trình thống nhất, lập ra nhà nước Đại Cồ Việt trong lịch sử.	0.3651761556234058
Hoa Lư được chọn làm kinh đô của nước ta từ thời nào
Đinh Tiên Hoàng	Việc Đinh Tiên Hoàng chọn Hoa Lư mà không chọn Cổ Loa của nhà Ngô hay Đại La thời Bắc thuộc được nhà nghiên cứu Lê Văn Siêu xem là quyết định khôn ngoan. Với hoàn cảnh đương thời, sau nhiều năm loạn lạc, Hoa Lư là địa điểm chiến lược, nằm ở trung tâm đất nước thời đó, khống chế được cả khu vực sơn cước từ Thanh Hóa đổ ra, sông Đà đổ xuống, thêm địa thế vừa hùng vừa hiểm có thể cầm cự với Trung Hoa, nếu có cuộc xâm lăng của phía này tới. Với việc chọn Hoa Lư quê hương làm kinh đô, Đinh Tiên Hoàng có thêm sức mạnh của yếu tố nhân hòa, bởi do thời loạn 12 sứ quân trước đó mà nhân dân các vùng khác có thể còn hoài cổ về sứ quân chiếm đóng.	0.5909641357290993
Đại Cồ Việt	"Trong Hội thảo khoa học về đề tài "Từ Hoa Lư tới Thăng Long", tôi đã có dịp trình bày một ý kiến: "Chỉ có nước Đại Việt, không có nước Đại Cồ Việt, ý kiến đó dựa vào sự tồn tại khách quan của những viên gạch xây kinh đô có in quốc hiệu "Đại Việt". Không một người thợ làm gạch nào ở Hoa Lư cả gan dám đổi quốc hiệu thành "Đại Việt" nếu thời Đinh - Lê có quốc hiệu là "Đại Cồ Việt."	0.42623465086566
Nước ta được chính thức mang tên Đại Việt vào thời nào, năm bao nhiêu
Đại Việt	Quốc hiệu Đại Việt tồn tại tổng cộng trong thời gian 723 năm, bắt đầu từ thời vua Lý Thánh Tông đến thời vua Gia Long (1054 - 1804), tên gọi Đại Việt được dùng làm quốc hiệu trong thời kỳ cai trị của các chính quyền nhà Lý, nhà Trần, nhà Hậu Lê, nhà Mạc, nhà Tây Sơn và 3 năm đầu thời nhà Nguyễn (1802 - 1804). Trong quá trình này tên gọi chính thức Đại Việt bị gián đoạn một lần ngắn ngủi 27 năm vào thời nhà Hồ và thời thuộc Minh (1400 - 1427).	0.26474222214347537
Bang giao Việt Nam thời Lý	Đổi lại việc nhà Lý giữ quan hệ hữu hảo khi nhà Tống đã suy, năm 1164 khi sứ thần Doãn Tử Tư, Lý Bang Chính sang Lâm An, vua Tống Hiếu Tông tiếp đón và ban lệnh đổi tên "Giao Chỉ" thành "An Nam", phong Lý Anh Tông làm "An Nam quốc vương"; nghĩa là trong quan hệ ngoại giao giữa Tống và Việt từ đó, Đại Việt không còn là một quận mà chính thức được coi là một nước phiên thuộc, mang tên An Nam.	0.16301980172531436
Tác giả bộ binh pháp nổi tiếng "Binh thư yếu lược" của nước ta là ai
Quân đội nhà Trần	Trần Quốc Tuấn - vị tướng tổng chỉ huy hai cuộc chiến chống Mông-Nguyên lần thứ 2 và lần thứ 3 đã soạn bộ Vạn Kiếp tông bí truyền thư và Binh thư yếu lược. Ông đã tìm hiểu và tổng kết kinh nghiệm chiến tranh của Trung Quốc cổ từ thời Xuân Thu đến tận Tống, Nguyên đương thời. Trong Binh thư yếu lược, ông viết: "Người giỏi thắng không cần thắng nhiều lần, mà cần toàn thắng, đảm bảo thắng". Điều đó đồng nghĩa với việc làm cách nào để có được chiến thắng cuối cùng mới là điều quan trọng nhất, còn thắng bại trong các trận đánh chỉ là phụ. Cuộc kháng chiến chống Mông-Nguyên của quân dân nhà Trần, dưới sự chỉ đạo của ông cũng tiến hành theo nguyên tắc trên.	0.2678353637893579
Trần Hưng Đạo	Binh gia diệu lý yếu lược (Tóm lược chỗ cốt yếu trong nguyên lý kỳ diệu của nhà binh, còn gọi là Binh thư yếu lược)	0.15752615745065818
Tác giả của bộ Thượng Kinh ký sự, nhà y học lỗi lạc của Việt Nam thế ký XVIII là ai
Chăm Pa	Do chịu nhiều ảnh hưởng sâu sắc văn hóa Ấn Độ cho nên ý nghĩa văn chương được thể hiện trong các bia ký, các tác giả bia ký cố gắng dùng lời lẽ văn hoa, nhiều điển tích và ẩn dụ của văn học Ấn Độ để thể hiện ý tưởng của mình, vì thế mà văn bia Chăm Pa là một mảng quan trọng nhất của văn học Chăm Pa, các bia ký Chăm Pa bằng chữ Phạn được viết chủ yếu theo những thể thơ của Ấn Độ, văn học Ấn Độ qua hình thức truyền khẩu trong dân gian chắc cũng có mặt ở Chăm Pa, điều này được thế hiện qua việc người Chăm dựng đền thờ Rsi Valmiki, người được coi là tác giả của sử thi Ramayana cũng như các bức phù điêu thể hiện các nhân vật có trong sử thi Ramayana như chàng Rama, nàng Sita. Ngoài bộ sử thi Ramayana, các bộ sử thi khác của Ấn Độ cũng được phổ biến ở Chăm Pa như bộ Mahabharata và thậm chí là truyện ngụ ngôn Ấn Độ qua bộ Bhagavata.	0.15483832387257565
Hồ Nguyên Trừng	Ông nổi tiếng là một nhà quân sự, nhà kỹ thuật quân sự, là một công trình sư lỗi lạc, nhận chức Tư đồ khi còn làm quan nhà Trần, sau đó nhận chức Tả tướng quốc với tư cách là con trưởng của Hồ Quý Ly. Về sau, ông được nhà Minh sung vào Công bộ làm quan, được nhà Minh gọi là Hỏa khí chi thần (火器之神). Ngoài ra ông còn là nhà văn Việt Nam ở thế kỷ 15, với tác phẩm tự kể Nam Ông mộng lục.	0.1325977875950388
Người làm nên chiến công đốt cháy tàu Hy Vọng của Pháp trên sông Nhật Tảo là ai
Trận Nhật Tảo	Còn Alfred Schreiner gọi chiến thắng Nhật Tảo, là khúc nhạc mở đầu cho một cuộc tổng công kích hầu như toàn bộ các đồn lũy của người Pháp...(Và) Cuộc đốt cháy tàu Espérance là một biến cố bi thảm đã gây nên một nỗi xúc động sâu sắc nơi người Pháp và kích thích một cách lạ lùng trí tưởng tượng của người Annam...	0.38435887579238065
Niên biểu lịch sử Việt Nam	1861 ngày 10-12 Nguyễn Trung Trực đốt cháy tàu chiến Pháp trên sông Vàm Cỏ Đông tại địa phận thôn Nhật Tảo.	0.3482366600321129
Thủ lĩnh của cuộc khởi nghĩa Hương Khê là ai
Lê Ninh	Lê Ninh mất, thủ lĩnh cuộc khởi nghĩa Hương Khê là Phan Đình Phùng đã có câu đối viếng ông như sau:	0.6650631304595949
Cao Thắng	Cao Thắng (1864-1893) là một trợ thủ đắc lực của Phan Đình Phùng, và là một chỉ huy xuất sắc trong cuộc khởi nghĩa Hương Khê (1885-1896) trong lịch sử Việt Nam ở cuối thế kỷ 19.	0.4999901226977352
Lãnh đạo cuộc khởi nghĩa Bãi Sậy là ai
Khởi nghĩa Bãi Sậy	Trong thời kỳ đầu (1883 - 1885), phong trào do Đinh Gia Quế lãnh đạo, các địa bàn hoạt động lúc này còn giới hạn ở vùng Bãi Sậy (bao gồm địa phận các huyện Văn Lâm, Văn Giang, Khoái Châu, Yên Mỹ thuộc tỉnh Hưng Yên). Từ năm 1885 trở đi, vai trò lãnh đạo thuộc về Nguyễn Thiện Thuật. Ông là thủ lĩnh cao nhất của nghĩa quân Bãi Sậy. Bố chánh Thái Nguyên Vũ Giác là người giúp đỡ rất nhiều cho cuộc khởi nghĩa Bãi Sậy.	0.6779013904401641
Nhà Nguyễn	Năm 1885, phải chủ chiến trong triều đình dậy tấn công quân Pháp đóng ở kinh đô Huế nhưng thất bại. Vua Hàm Nghi và Tôn Thất Thuyết chạy ra Tân Sở thuộc Quảng Trị, tại đây Tôn Thất Thuyệt mượn danh nghĩa vua Hàm Nghi phát chiếu Cần Vương kêu gọi người Việt nổi dậy đánh Pháp giúp vua. Hưởng ứng lời kêu gọi này, nhiều cuộc nổi dậy đã nổ ra trong đó tiêu biểu là những cuộc khởi nghĩa ở Ba Đình của Phạm Bành và Đinh Công Tráng, khởi nghĩa Bãi Sậy do Nguyễn Thiện Thuật chỉ huy, khởi nghĩa Hương Khê của Phan Đình Phùng và Cao Thắng, khởi nghĩa ở Hưng Hóa do Nguyễn Quang Bích lãnh đạo... Phong trào vẫn tiếp tục phát triển cả sau thời gian vua Hàm Nghi bị Pháp bắt giữ (năm 1888); nó chỉ thực sự chấm dứt khi lãnh đạo cuộc nổi dậy ở Hương Khê là Phan Đình Phùng chết cuối năm 1895.	0.5671765213925462
Đám tang Phan Châu Trinh được tổ chức trọng thể vào năm nào, ở đâu
Phan Châu Trinh	Năm 1926, có một sự thức tỉnh trong toàn quốc tiếp theo sau cái chết của một nhà quốc gia chủ nghĩa già - Phan Châu Trinh. Khắp trong nước đều có lễ truy điệu... Chữ "Chủ nghĩa Quốc gia" từ đó được nói và viết công khai. Những giáo viên người Pháp tìm cách ngăn cấm học sinh tham gia các cuộc meeting đó. Nam nữ học sinh ở nhiều trường, đặc biệt là Sài Gòn là nơi tổ chức đám tang, đã tuyên bố bãi khóa. Hai mươi ngàn người đi theo linh cữu mang biểu ngữ viết những khẩu hiệu có tính chất quốc gia chủ nghĩa. Người An Nam chưa hề được chứng kiến một việc to lớn như vậy bao giờ trong lịch sử.	0.23071346553276087
Phạm Văn Đồng	Ông tham gia phong trào bãi khóa chống Pháp của học sinh, sinh viên năm 1925, khi Phan Châu Trinh mất. Năm 1926, ông sang Quảng Châu dự lớp huấn luyện cách mạng do Hồ Chí Minh tổ chức và gia nhập Hội Việt Nam Cách mạng Thanh niên. Đến năm 1929, ông được cử vào Kỳ bộ Nam Kỳ, rồi vào Tổng bộ Việt Nam Thanh niên Cách mạng Đồng chí Hội và tham gia đại hội của tổ chức này họp ở Hồng Kông. Tháng 7 năm 1929, ông bị thực dân Pháp bắt, kết án 10 năm tù, đày đi Côn Đảo.	0.19283948123801342
Nguyễn Thái Học là lãnh tụ của tổ chức nào
Đoàn Trần Nghiệp	Sau đó, ông được lãnh tụ Việt Nam Quốc Dân Đảng Nguyễn Thái Học tin tưởng cử vào Ban ám sát (chuyên trừng trị những tay thực dân, Việt gian, những kẻ phản bội tổ chức do Hoàng Văn Tùng là trưởng ban).	0.4611614992489504
Tưởng Dân Bảo	Đứng trước nguy cơ bị tiêu diệt hoặc tan rã, các lãnh đạo còn lại của Việt Nam Quốc dân Đảng, đứng đầu là Nguyễn Thái Học, quyết định Tổng khởi nghĩa với phương châm nổi tiếng: "Không thành công cũng thành nhân". Do thiếu chuẩn bị và tổ chức kém, tổng khởi nghĩa của Việt Nam Quốc dân Đảng nhanh chóng bị chính quyền thực dân ngăn ngừa và đàn áp. Lãnh tụ Nguyễn Thái Học lên đoạn đầu đài, nhiều đảng viên tích cực bị bắt và đi đày. Côn Đảo tiếp nhận thêm nhiều đảng viên Việt Nam Quốc dân Đảng. Cùng với Trần Huy Liệu, Tưởng Dân Bảo tích cực tuyên truyền vận động các đảng viên Quốc dân đảng chuyển sang đường lối của Cộng sản. Chính hành động này đã làm cho các đảng viên Quốc dân đảng bảo thủ kết tội phản bội cho ông và một số đồng chí của mình. Trần Huy Liệu bị cắt cổ, Tưởng Dân Bảo bị đâm họng, Nguyễn Phương Thảo bị đâm mù một mắt, nhưng may mắn cả ba vẫn giữ được tính mạng. Từ đó, ông chính thức ly khai Quốc dân đảng, gia nhập Đảng Cộng sản Đông Dương năm 1935.	0.4401943041665194
Ai chỉ huy trận Vân Đồn đánh tan đoàn thuyền lương của quân xâm lược nhà Nguyên?"
Trận Bạch Đằng (1288)	Vào năm 1287, nhà Nguyên mở đầu cuộc xâm lược Đại Việt lần thứ ba, nhưng chỉ chiếm được kinh thành Thăng Long không một bóng người, và thủy quân Đại Việt do Phó tướng Nhân Huệ Vương Trần Khánh Dư chỉ huy đã đánh tan nát đoàn thuyền lương của Trương Văn Hổ trong trận Vân Đồn. Trước tình hình bất lợi, quân Nguyên định tổ chức rút về Trung Quốc theo nhiều hướng khác nhau. Ngày 3 tháng 3 năm Mậu Tí (1288), Hữu thừa Trình Bằng Phi, Thiên tỉnh Đạt Mộc thống lĩnh kị binh đi đón các cánh quân di chuyển bằng đường thủy (đoàn thuyền của Trương Văn Hổ). Tuy nhiên khi qua chợ Đông-Hồ thì bị dòng sông chắn ngang, phải quay lại, nhưng cầu cống đã bị quân nhà Trần bám theo sau phá hủy. Quân Nguyên rơi vào thế nguy, trước mặt thì bị quân Trần chặn đường, sau lưng là chướng ngại thiên nhiên. Tuy nhiên quân Nguyên do tra hỏi những tù binh nên đã tìm được đường thoát, nửa đêm hôm đó cánh quân này đột phá vòng vây chạy trốn theo con đường khác, phối hợp với một cánh quân Nguyên đang rút lui để cùng nhau ra khỏi ải Nội Bàng. Tuy bị bất ngờ bởi sự thay đổi lộ trình của quân Nguyên, quân đội nhà Trần đuổi theo đánh rất sát vào cánh quân đoạn hậu. Tướng Nguyên là Vạn hộ Đáp Thứ Xích và Lưu Thế Anh phải dẫn quân quay trở lại phía sau đối phó với quân Trần, sau một trận giao chiến bắt được và giết các tướng Trần chỉ huy toán quân tập kích là các tướng Phạm Trù và Nguyễn Kị.	0.7074425768579539
Vân Đồn	Di tích Thương cảng Vân Đồn còn lại vừa chứa đựng dấu ấn của nhà Trần về chiến công chống nhà Nguyên lại vừa có dấu ấn về giao thương, buôn bán. Trận Vân Đồn năm 1288 trên dòng sông Mang (Quan Lạn) gắn liền với tên tuổi của danh tướng Trần Khánh Dư. Dưới sự chỉ huy của ông, quân dân nhà Trần đã đánh tan đoàn thuyền lương của Trương Văn Hổ, góp phần quan trọng vào chiến thắng chung của trận Bạch Đằng năm 1288. Sau khi Thương cảng Vân Đồn được hình thành từ thời Lý (1149), đến thời Trần đã phát triển tới hưng thịnh. Các bến thuyền cổ trung chuyển hàng hoá gồm hương liệu, gốm sứ, lâm thổ sản hình thành dọc ven sông Bạch Đằng, Cửa Lục cho tới các đảo Cống Đông, Quan Lạn. Tại đảo Cống Đông (nay là xã Thắng Lợi), các nhà khảo cổ đã tìm thấy dấu tích của nhiều công trình kiến trúc Phật giáo quy mô thời Trần như chùa, tháp, nhiều di vật bia đá, lan can, chân kê cột... Đây là những minh chứng rõ nhất cho sự phát triển phồn thịnh về thương mại dưới triều nhà Trần.	0.5866671212270684
Thành cổ Sơn Tây do vị vua nào xây dựng nên vào năm 1822
Thành cổ Sơn Tây	Cửa Tả, là cổng thành phía Đông lệch nam của thành cổ Sơn Tây, nhìn ra chợ Nghệ, bưu điện Sơn Tây, (phố Phùng Khắc Khoan). Cuối những năm tám mươi của thế kỷ trước người ta chuyển chợ Nghệ vào họp tạm ở trong thành cổ, một chiếc cầu tạm được dựng lên. Có lẽ để tiện việc đi lại người ta đã phá hủy chiếc cổng này, nên hiện nay không còn.	0.19008239164302082
Thành cổ Sơn Tây	Năm 1822, vua Minh Mạng cho xây thành theo kiến trúc Vauban, nằm giữa thị xã Sơn Tây, trên phần đất của hai làng cổ là Thuần Nghệ và Mai Trai, cách trung tâm Hà Nội khoảng 42 km	0.18738547840008596
Chùa nào được Lý Nam Đế cho xây sau khi lên ngôi hoàng đế năm 544
Lịch sử Việt Nam	Năm 541, Lý Bí nổi dậy khởi nghĩa, đã đánh đuổi được thứ sử Tiêu Tư nhà Lương, sau 3 lần đánh bại quân Lương những năm kế tiếp, Lý Bí tự xưng đế tức là Lý Nam Đế, lập ra nước Vạn Xuân vào năm 544. Đến năm Năm 545, nhà Lương cử Trần Bá Tiên và Dương Phiêu sang đánh nước Vạn Xuân, Lý Nam Đế bị thua trận, giao lại binh quyền cho Triệu Quang Phục. Sau khi Lý Nam Đế mất, Triệu Quang Phục đánh đuổi được quân Lương vào năm 550, bảo vệ được nước Vạn Xuân. Ông tự xưng là Triệu Việt Vương, đến năm 571 một người cháu của Lý Nam Đế là Lý Phật Tử đã cướp ngôi Triệu Việt Vương, tiếp tục giữ được sự độc lập cho người Việt thêm 20 năm cho đến khi nhà Tùy sang đánh năm 602.	0.35296766412185027
Hành chính Việt Nam thời Tiền Lý và Triệu Việt Vương	Sau khi đánh đuổi quân Lương về nước và đánh tan quân Lâm Ấp xâm lấn ở phía nam, Lý Bí lên ngôi hoàng đế, lập ra nhà Tiền Lý. Sử sách ghi chép rất sơ lược về bộ máy triều đình của Lý Nam Đế. Các bộ chính sử như Đại Việt sử ký toàn thư và Khâm định Việt sử thông giám cương mục ghi chép việc này vào năm 544 như sau:	0.35022851650761205
Thành Long Biên được ai chọn làm kinh đô
Lý Nam Đế	Hiện có một số mâu thuẫn về kinh đô của Lý Nam Đế. Một số nguồn cho rằng Lý Nam Đế đóng đô ở thành Long Biên. Tuy nhiên ngày nay đa số công nhận kinh đô của Lý Nam Đế là một tòa thành được xây ở cửa sông Tô Lịch (thuộc Hà Nội ngày nay).	0.2728253863669862
Thành hoàng	Thời Đường Mục Tông, niên hiệu Trường Khánh thứ 2 (năm 822) tên Đô hộ Lý Nguyên Hỷ (hoặc Gia) thấy ngoài cửa bắc thành Long Biên có một dòng nước chảy ngược mà địa thế khả quan, mới tìm khắp, chọn một nơi cao ráo tốt, để có dời phủ lỵ đến đó... Nhân dịp ấy, y mới giết trâu đặt rượu, mời khắp các vị kỳ lão hương thôn đến dùng và thuật rõ là muốn tâu vua Tàu xin phụng Vương (ý nói đến thần sông Tô Lịch) làm Thành Hoàng. Trên dưới đều đồng lòng... Đến khi Cao Biền đắp thành Đại La, nghe đủ sự linh dị, thì lập tức sắm lễ điện tế, dâng cho hiệu là Đô Phủ Thành Hoàng Thần Quân. Đời Lý Thái Tổ lúc dời đô, thường mộng thấy một cụ đầu bạc, phảng phất trước bệ rồng... (Sau khi hỏi rõ lai lịch) nhà vua liền khiến quan Thái Chúc (chức quan lo việc cầu đảo phúc lành) đưa rượu chè đến tế, phong làm Quốc Đô Thăng Long Thành Hoàng Đại Vương. Dân cư (đến) cầu đảo hay thề nguyền điều chi, thì lập tức họa phúc linh ứng ngay...	0.2536076476897572
Đại Ngu là quốc hiệu của triều đại nào?
Các tên gọi của nước Việt Nam	Đại Ngu (大虞) là quốc hiệu của Việt Nam thời nhà Hồ. Quốc hiệu Đại Việt được đổi thành Đại Ngu năm 1400 khi Hồ Quý Ly lên nắm quyền. Sau khi nhà Hồ bị thất bại trước nhà Minh, và nhà Hậu Lê giành lại độc lập cho Việt Nam, quốc hiệu của Việt Nam đổi lại thành Đại Việt.	0.5493063232569472
Bắc thuộc	Sau thời nhà Ngô đến thời nhà Đinh, Việt Nam chính thức có quốc hiệu sau ngàn năm Bắc thuộc là Đại Cồ Việt. Sang thời Lý, quốc hiệu được đổi là Đại Việt. Trong hơn 400 năm qua các triều đại Tiền Lê, Lý và Trần, Đại Việt đều đánh thắng các cuộc xâm lăng của các triều đại Trung Quốc.	0.43582477372868283
Các vua Hùng đặt quốc hiệu nước ta là gì?
An Dương Vương	Đại Việt Sử ký Toàn thư chép: Hùng Vương có người con gái nhan sắc tuyệt vời tên gọi là Mỵ Nương. Vua nước Thục nghe tin, sai sứ cầu hôn. Vua Hùng muốn gả nhưng Lạc Hầu can rằng: Thục muốn lấy nước ta, chỉ mượn tiếng cầu hôn đó thôi. Không lấy được Mỵ Nương, Thục Vương căm giận, dặn lại con cháu phải diệt Văn Lang mà chiếm lấy nước. Đời cháu Thục Vương là Thục Phán mấy lần đem quân sang đánh nước Văn Lang. Nhưng Hùng Vương có tướng sĩ giỏi, đã đánh bại quân Thục. Hùng Vương nói: Ta có sức thần, nước Thục không sợ hay sao? Bèn chỉ say sưa yến tiệc không lo việc binh bị. Bởi thế, khi quân Thục lại kéo sang đánh nước Văn Lang, vua Hùng còn trong cơn say. Quân Thục đến gần, vua Hùng trở tay không kịp phải bỏ chạy rồi nhảy xuống sông tự tử. Tướng sĩ đầu hàng. Thế là nước Văn Lang mất. Giáp Thìn, năm thứ 1 [257 TCN], vua đã thôn tính được nước Văn Lang, đổi quốc hiệu là Âu Lạc Bộ máy nhà nước của nước Âu Lạc không có nhiều thay đổi so với bộ máy nhà nước thời Văn Lang. Đứng đầu trong bộ máy hành chính ở trung ương vẫn là Vua và Lạc Hầu Lạc Tướng. Đứng đầu các bộ vẫn là Lạc Tướng. Đứng đầu các chiềng, chạ vẫn là Bồ chính. Tuy nhiên, ở thời An Dương Vương quyền hành của nhà nước cao hơn và chặt chẽ hơn. Vua có quyền thế hơn trong việc cai trị đất nước.	0.44992504077828765
Đền Hùng	Nhà bia: Nhà bia nằm ngay cạnh đền Hạ có kiến trúc hình lục giác với sáu mái. Trong đặt tấm bia đá khắc dòng chữ quốc ngữ: "Các Vua Hùng đã có công dựng nước, Bác cháu ta phải cùng nhau giữ lấy nước". Đây là câu nói nổi tiếng của Chủ tịch nước Việt Nam Dân chủ Cộng hòa Hồ Chí Minh trong chuyến thăm Đền Hùng ngày 19 tháng 9 năm 1954.	0.33632293975393096
An Dương Vương đặt quốc hiệu nước ta là gì?
Nhà Triệu	"An Dương Vương mất nước, để quốc thống về họ Triệu, chép to 4 chữ: "Kỷ Triệu Vũ Đế". Người đời theo sau đó không biết là việc không phải. Than ôi! Đất Việt Nam Hải, Quế Lâm không phải là đất Việt Giao Chỉ, Cửu Chân, Nhật Nam. Triệu Đà khởi phát ở Long Xuyên, lập quốc ở Phiên Ngung, muốn cắt đứt bờ cõi, gồm cả nước ta vào làm thuộc quận, đặt ra giám chủ để cơ mi lấy dân, chứ chưa từng đến ở nước ta. Nếu coi là đã làm vua nước Việt, mà đến ở cai trị nước ta, thì sau đó có Lâm Sĩ Hoằng khởi ở đất Bàn Dương, Hưu Nghiễm khởi ở Quảng Châu, đều xưng là Nam Việt Vương, cũng cho theo Quốc kỷ được ư? Triệu Đà kiêm tính Giao Châu, cũng như Ngụy kiêm tính nước Thục, nếu sử nước Thục có thể đưa Ngụy tiếp theo Lưu Thiện, thì quốc sử ta cũng có thể đưa Triệu tiếp theo An Dương. Không thế, thì xin theo lệ ngoại thuộc để phân biệt với nội thuộc vậy".	0.4344102025194655
Vấn đề chính thống của nhà Triệu	An Dương Vương mất nước, để quốc thống về họ Triệu, chép to 4 chữ: "Kỷ Triệu Vũ Đế". Người đời theo sau đó không biết là việc không phải. Than ôi! Đất Việt Nam Hải, Quế Lâm không phải là đất Việt Giao Chỉ, Cửu Chân, Nhật Nam. Triệu Đà khởi phát ở Long Xuyên, lập quốc ở Phiên Ngung, muốn cắt đứt bờ cõi, gồm cả nước ta vào làm thuộc quận, đặt ra giám chủ để cơ mi lấy dân, chứ chưa từng đến ở nước ta. Nếu coi là đã làm vua nước Việt, mà đến ở cai trị nước ta, thì sau đó có Lâm Sĩ Hoằng khởi ở đất Bàn Dương, Lưu Nghiễm khởi ở Quảng Châu, đều xưng là Nam Việt Vương, cũng cho theo Quốc kỷ được ư? Triệu Đà kiêm tính Giao Châu, cũng như Ngụy kiêm tính nước Thục, nếu sử nước Thục có thể đưa Ngụy tiếp theo Lưu Thiện, thì quốc sử ta cũng có thể đưa Triệu tiếp theo An Dương. Không thế, thì xin theo lệ ngoại thuộc để phân biệt với nội thuộc vậy.	0.4344102025194655
Binh thư yếu lược, Vạn kiếp truyền tông bí truyền là những tác phẩm nổi tiếng về khoa học quân sự của vị anh hùng dân tộc nào?
Quân đội nhà Trần	Trần Quốc Tuấn - vị tướng tổng chỉ huy hai cuộc chiến chống Mông-Nguyên lần thứ 2 và lần thứ 3 đã soạn bộ Vạn Kiếp tông bí truyền thư và Binh thư yếu lược. Ông đã tìm hiểu và tổng kết kinh nghiệm chiến tranh của Trung Quốc cổ từ thời Xuân Thu đến tận Tống, Nguyên đương thời. Trong Binh thư yếu lược, ông viết: "Người giỏi thắng không cần thắng nhiều lần, mà cần toàn thắng, đảm bảo thắng". Điều đó đồng nghĩa với việc làm cách nào để có được chiến thắng cuối cùng mới là điều quan trọng nhất, còn thắng bại trong các trận đánh chỉ là phụ. Cuộc kháng chiến chống Mông-Nguyên của quân dân nhà Trần, dưới sự chỉ đạo của ông cũng tiến hành theo nguyên tắc trên.	0.3960246123279995
Trần Hưng Đạo	Sau đó, ông lui về Vạn Kiếp đến khi mất năm 1300. Trước khi mất, ông khuyên Trần Anh Tông: "Phải khoan thư sức dân để làm kế sâu rễ bền gốc". Sinh thời ông có viết các tác phẩm Hịch tướng sĩ, Binh thư yếu lược và Vạn Kiếp tông bí truyền thư nhằm động viên quân sĩ, phân tích nghệ thuật quân sự.	0.35813986066160014
Tập thơ “Thiên Nam dư hạ tập” được biên soạn dưới triều vua nào?
Thiên Nam dư hạ tập	Trong Lịch triều hiến chương loại chí, Phan Huy Chú có viết một mục về Thiên Nam dư hạ tập tại "Văn tịch chí" và xếp Thiên Nam dư hạ tập vào loại "hiến chương". Bộ sách được Phan Huy Chú cho là "sách điển chương của một thời đại làm khuôn phép đời đời". Thiên Nam dư hạ tập được một bài báo của tờ Nhân Dân đánh giá là "dấu ấn sâu đậm trong lịch sử dân tộc với những giá trị văn hóa vô cùng lớn". Tờ Kinh tế nông thôn cho rằng Thiên Nam dư hạ tập là một trong nhiều "giá trị văn hóa xã hội" dưới thời vua Lê Thánh Tông, cùng với các tác phẩm Hồng Đức thiên hạ bản đồ, Hồng Đức quốc âm thi tập, Hồng Đức hình luật… Thiên Nam dư hạ tập còn được đánh giá là một "công trình mang dấu ấn vương triều".	0.8652952139303123
Thiên Nam dư hạ tập	Thiên Nam dư hạ tập là một bộ sách về pháp luật thời Lê sơ, do Đỗ Nhuận và Thân Nhân Trung biên soạn vào thời vua Lê Thánh Tông. Thiên Nam dư hạ tập có 100 quyển, chủ yếu chép về luật lệ, chế độ, điển lễ, cáo sắc, văn thư từ đầu thời Lê Thái Tổ đến năm Hồng Đức, được cho là phỏng theo Hội điển của nhà Đường và nhà Tống. Theo một số nguồn, Thiên Nam dư hạ tập có chép lại các trước tác của Hội Tao Đàn. Bộ sách được đánh giá là một bộ bách khoa thư dưới thời Lê Thánh Tông.	0.8302183512235723
Ai là người đã chủ trương thành lập Hội Duy tân và khởi xướng phong trào Đông Du vào đầu thế kỷ 20 ở nước ta?
Võ Hoành (chí sĩ)	Ông là người nhiệt tình yêu nước, đã từ bỏ cả khoa cử, tích cực tham gia phong trào Đông Du và phong trào Duy Tân ở đầu thế kỷ 20.	0.5934771801390291
Phong trào Minh Tân	Phong trào Minh Tân (còn gọi là phong trào Duy Tân ở Nam Kỳ) do Hội Minh Tân (kể từ đây trở đi có khi gọi tắt là Hội) đề xướng và lãnh đạo, là một cuộc vận động duy tân nước Việt Nam theo gương người Trung Quốc và người Nhật Bản hồi đầu thế kỷ 20.	0.3840910600736559
Trên đường kéo pháo ở Điện Biên, người anh hùng nào đã hy sinh anh dũng khi lấy thân chèn bánh pháo, cứu pháo an toàn?
Tô Vĩnh Diện	Hiện nay, mộ Tô Vĩnh Diện nằm ở khu đặc biệt của nghĩa trang Điện Biên cùng với mộ của 3 anh hùng nổi bật khác trong trận Điện Biên Phủ là Phan Đình Giót, Bế Văn Đàn, Trần Can. Một bia tưởng niệm cũng được dựng lên gần vị trị đường kéo pháo nơi ông hy sinh.	0.6348016570574541
Chiến dịch Điện Biên Phủ	Trong một tháng, bộ đội và thanh niên xung phong đã làm một việc đồ sộ. Con đường Tuần Giáo - Điện Biên Phủ, dài 82 km, trước đây chỉ rộng 1 m, đã được mở rộng và sửa sang cho xe kéo pháo vào cách Điện Biên 15 km. Từ đây, các khẩu pháo được kéo bằng tay vào trận địa trên quãng đường dài 15 km. Đường kéo pháo rộng 3 m, chạy từ cửa rừng Nà Nham, qua đỉnh Pha Sông cao 1.150 mét, xuống Bản Tấu, đường Điện Biên Phủ - Lai Châu, tới Bản Nghễu, mở mới hoàn toàn. Để bảo đảm bí mật, đường được ngụy trang toàn bộ, máy bay trinh sát Pháp khó có thể phát hiện.	0.6032959272561075
Ai là vị trạng nguyên trẻ tuổi nhất nước Nam?
Nguyễn Hiền	Nguyễn Hiền trở về quê nuôi dưỡng mẹ, ngày ngày đọc sách. Hiền vẫn rất ham chơi, thường lúc rỗi rãi vẫn cùng trẻ làng chơi khăng, thả diều... Một lần, triều đình tiếp sứ Trung Hoa, viên sứ đưa ra một con ốc xoắn nhờ xâu qua ruột nó bằng một sợi chỉ mảnh. Được như vậy y mới chịu vào thành. Ấy là viên sứ muốn thử tài người Nam ra sao. Vua truyền cho các quan tìm cách xâu thử, nhưng vị nào cũng lè lưỡi, lắc đầu. Bấy giờ vua chợt nghĩ đến trạng nguyên trẻ Nguyễn Hiền, bèn cho triệu trạng về kinh.	0.165849238748796
Ngọc Huyền	Ngọc Huyền từng là diễn viên xuất hiện nhiều nhất trong các chương trình băng đĩa trong nước và được khán giả ái mộ gọi cô là "Nữ hoàng chi bảo vidéo", là nghệ sĩ trẻ nhất miền Nam trong lĩnh vực cải lương được Nhà nước trao tặng danh hiệu nghệ sĩ ưu tú vào năm 2001. Tháng 12 năm 2002, cô còn tổ chức liveshow "Mãi mãi ước mơ" tại Nhà hát Hoà Bình ở Thành phố Hồ Chí Minh trong 3 đêm liền, thu hút hơn 5.000 khán giả tham dự. Giáo sư Trần Văn Khê nhận xét:	0.11154814806343626
Văn miếu Quốc Tử Giám, trường đại học đầu tiên của Việt Nam được xây dựng dưới triều đại nào?
Văn Miếu - Quốc Tử Giám	Văn Miếu - Quốc Tử Giám (chữ Hán: 文廟 - 國子監) là quần thể di tích đa dạng và phong phú hàng đầu của thành phố Hà Nội, nằm ở phía Nam kinh thành Thăng Long. Hiện nay, nơi đây đã được thủ tướng chính phủ Việt Nam đưa vào danh sách xếp hạng 23 di tích quốc gia đặc biệt. Quần thể kiến trúc Văn Miếu - Quốc Tử Giám bao gồm: hồ Văn, khu Văn Miếu - Quốc Tử Giám và vườn Giám và kiến trúc chủ thể là Văn Miếu - nơi thờ Khổng Tử và Quốc Tử Giám - trường đại học đầu tiên của Việt Nam. Khu Văn Miếu - Quốc Tử Giám có tường gạch vồ bao quanh, phía trong chia thành 5 lớp không gian với các kiến trúc khác nhau. Mỗi lớp không gian đó được giới hạn bởi các tường gạch có 3 cửa để thông với nhau (gồm cửa chính giữa và hai cửa phụ hai bên). Từ ngoài vào trong có các cổng lần lượt là: cổng Văn Miếu, Đại Trung, Đại Thành và cổng Thái Học. Với hơn 700 năm hoạt động đã đào tạo hàng nghìn nhân tài cho đất nước. Ngày nay, Văn Miếu-Quốc Tử Giám là nơi tham quan của du khách trong và ngoài nước đồng thời cũng là nơi khen tặng cho học sinh xuất sắc và còn là nơi tổ chức hội thơ hàng năm vào ngày rằm tháng giêng. Đây từng là nơi các sĩ tử đến "cầu may" trước mỗi kỳ thi bằng cách vuốt đầu rùa tại các bia tiến sĩ, tuy nhiên, ngày nay, để bảo tồn di tích, một hàng rào được thiết lập và các sĩ tử không còn làm nghi thức cầu may như trước nữa.	0.5201561420255479
Quốc Tử Giám (Huế)	Năm 1803, vua Gia Long xây dựng Đốc Học Đường tại địa phận An Ninh Thượng, huyện Hương Trà, cách kinh thành Huế chừng 5 km về phía Tây, trường nằm cạnh Văn Miếu, mặt hướng ra sông Hương. Đây được xem là trường quốc học đầu tiên được xây dựng dưới triều Nguyễn. Đến năm 1908, thời vua Duy Tân, Quốc Tử Giám được dời vào bên trong Kinh thành, bên ngoài, phía Đông Nam Hoàng thành (tức vị trí hiện nay).	0.39926107709890923
